A,
AG,
Abbau,
Abbruch,
Abend,
Abends,
Abenteuer,
Abfahrt,
Abgang,
Abgeordnete,
Abgeordneten,
Abgeordneter,
Abhängigkeit,
Abitur,
Abkommen,
Abkürzung,
Ablauf,
Ablehnung,
Absage,
Absatz,
Abschaffung,
Abschied,
Abschluss,
Abschluß,
Abschnitt,
Absicht,
Abstand,
Abstieg,
Abstimmung,
Absturz,
Abteilung,
Abwehr,
Abzug,
Achtelfinale,
Achtung,
Adresse,
Advent,
Affäre,
Agenda,
Agentur,
Ahnung,
Air,
Airlines,
Akademie,
Akt,
Akten,
Akteure,
Aktie,
Aktien,
Aktion,
Aktionen,
Aktionäre,
Aktiven,
Aktivitäten,
Akzeptanz,
Alben,
Album,
Alkohol,
Allianz,
Alltag,
Alpen,
Alt,
Alter,
Alternative,
Alternativen,
Altstadt,
Amerikaner,
Amt,
Amtes,
Amtsgericht,
Amtszeit,
Analyse,
Analysten,
Anbau,
Anbieter,
Anerkennung,
Anfang,
Anforderungen,
Anfrage,
Anfragen,
Angabe,
Angaben,
Angebot,
Angebote,
Angeboten,
Angehörige,
Angehörigen,
Angeklagte,
Angeklagten,
Angelegenheit,
Angelegenheiten,
Angestellte,
Angestellten,
Angreifer,
Angriff,
Angriffe,
Angst,
Anhänger,
Anhörung,
Anklage,
Ankunft,
Ankündigung,
Anlage,
Anlagen,
Anlass,
Anlauf,
Anlaß,
Anleger,
Anleitung,
Anliegen,
Anmeldung,
Anmeldungen,
Anmerkungen,
Annahme,
Anordnung,
Anpassung,
Anregungen,
Ansatz,
Anschlag,
Anschluss,
Anschläge,
Ansehen,
Ansicht,
Ansichten,
Ansprechpartner,
Anspruch,
Ansprüche,
Anstieg,
Anstrengungen,
Ansätze,
Anteil,
Anteile,
Antike,
Antrag,
Anträge,
Antwort,
Antworten,
Anwalt,
Anwendung,
Anwesenheit,
Anwohner,
Anwälte,
Anzahl,
Anzeichen,
Anzeige,
Apotheke,
Applaus,
Apr,
April,
Arbeit,
Arbeiten,
Arbeiter,
Arbeitgeber,
Arbeitnehmer,
Arbeitsgemeinschaft,
Arbeitsgruppe,
Arbeitskreis,
Arbeitslose,
Arbeitslosen,
Arbeitslosigkeit,
Arbeitsmarkt,
Arbeitsplatz,
Arbeitsplätze,
Arbeitsplätzen,
Architekt,
Architekten,
Architektur,
Archiv,
Archive,
Areal,
Arena,
Argument,
Argumentation,
Argumente,
Arm,
Arme,
Armee,
Armen,
Armut,
Art,
Arten,
Artikel,
Artikeln,
Artikels,
Arzt,
Aspekt,
Aspekte,
Association,
Atelier,
Atem,
Athleten,
Atmosphäre,
Aufbau,
Aufenthalt,
Auffassung,
Aufforderung,
Aufführung,
Aufführungen,
Aufgabe,
Aufgaben,
Aufhebung,
Aufklärung,
Auflage,
Auflagen,
Auflösung,
Aufmerksamkeit,
Aufnahme,
Aufnahmen,
Aufregung,
Aufruf,
Aufschwung,
Aufsehen,
Aufsicht,
Aufsichtsrat,
Aufstand,
Aufsteiger,
Aufstellung,
Aufstieg,
Auftakt,
Auftrag,
Auftreten,
Auftritt,
Auftritte,
Aufträge,
Aufwand,
Auge,
Augen,
Augenblick,
August,
Aus,
Ausbau,
Ausbildung,
Ausbruch,
Ausdruck,
Auseinandersetzung,
Auseinandersetzungen,
Ausflug,
Ausführung,
Ausführungen,
Ausgabe,
Ausgaben,
Ausgang,
Ausgangspunkt,
Ausgleich,
Auskunft,
Auskünfte,
Ausland,
Ausländer,
Auslöser,
Ausmaß,
Ausnahme,
Ausnahmen,
Ausrichtung,
Ausrüstung,
Aussage,
Aussagen,
Ausschreibung,
Ausschuss,
Ausschusses,
Aussicht,
Aussichten,
Aussprache,
Ausstattung,
Aussteller,
Ausstellung,
Ausstellungen,
Ausstieg,
Austausch,
Auswahl,
Ausweitung,
Auswertung,
Auswirkungen,
Auszeichnung,
Auszeichnungen,
Auto,
Autobahn,
Autofahrer,
Autor,
Autoren,
Autorin,
Autos,
Außenminister,
B,
Baby,
Bach,
Bahn,
Bahnen,
Bahnhof,
Bahnstrecke,
Ball,
Band,
Bande,
Bands,
Bank,
Banken,
Bar,
Bargeld,
Basis,
Basketball,
Basler,
Bass,
Bau,
Bauarbeiten,
Bauch,
Bauern,
Baum,
Baustelle,
Bauten,
Bauwerk,
Bayern,
Beamte,
Beamten,
Bearbeitung,
Beat,
Bedarf,
Bedenken,
Bedeutung,
Bedingung,
Bedingungen,
Bedrohung,
Bedürfnisse,
Befragten,
Befreiung,
Begegnung,
Begegnungen,
Begeisterung,
Beginn,
Begleitung,
Begriff,
Begriffe,
Begriffsklärung,
Begründung,
Behandlung,
Behauptung,
Behinderung,
Behörde,
Behörden,
Beifall,
Bein,
Beine,
Beinen,
Beispiel,
Beispiele,
Beitrag,
Beitritt,
Beiträge,
Bekannten,
Bekenntnis,
Bekämpfung,
Belastung,
Belastungen,
Beleg,
Belege,
Belegschaft,
Bemerkung,
Bemühungen,
Benutzer,
Benzin,
Beobachter,
Beobachtung,
Berater,
Beratung,
Beratungen,
Berechnung,
Berechnungen,
Bereich,
Bereiche,
Bereichen,
Bereitschaft,
Berg,
Berge,
Bergstraße,
Bericht,
Berichte,
Berichten,
Berichterstattung,
Berliner,
Berner,
Beruf,
Berufung,
Berücksichtigung,
Besatzung,
Bescheid,
Beschluss,
Beschlüsse,
Beschreibung,
Beschwerden,
Beschäftigte,
Beschäftigten,
Beschäftigung,
Besetzung,
Besitz,
Besitzer,
Besonderes,
Bestand,
Bestandteil,
Beste,
Bestehen,
Besten,
Bestimmung,
Bestimmungen,
Bestätigung,
Besuch,
Besucher,
Besuchern,
Beteiligten,
Beteiligung,
Betrachter,
Betrachtung,
Betrag,
Betreiber,
Betreuer,
Betreuung,
Betrieb,
Betriebe,
Betrieben,
Betroffene,
Betroffenen,
Bett,
Betten,
Beurteilung,
Beute,
Bevölkerung,
Bewegung,
Bewegungen,
Beweis,
Beweise,
Bewerber,
Bewerbung,
Bewertung,
Bewohner,
Bewohnern,
Bewusstsein,
Bewährung,
Bezeichnung,
Beziehung,
Beziehungen,
Bezirk,
Bezirksliga,
Bezug,
Bibel,
Bibliothek,
Bier,
Bilanz,
Bild,
Bilder,
Bildern,
Bildhauer,
Bildschirm,
Bildung,
Biografie,
Biographie,
Bischof,
Bistum,
Bitte,
Blatt,
Blick,
Block,
Blues,
Blumen,
Blut,
Blätter,
Blüten,
Bob,
Boden,
Bogen,
Bombe,
Boot,
Bord,
Botschaft,
Botschafter,
Branche,
Branchen,
Brand,
Brandenburger,
Braunschweiger,
Bremer,
Brief,
Briefe,
Briten,
Bronze,
Broschüre,
Brot,
Bruch,
Bruder,
Brunnen,
Brust,
Brücke,
Brücken,
Brüder,
Buben,
Buch,
Buche,
Buches,
Buchstaben,
Budget,
Bund,
Bundes,
Bundesamt,
Bundeskanzler,
Bundeskanzlerin,
Bundesland,
Bundesliga,
Bundesländer,
Bundesländern,
Bundespräsident,
Bundesrat,
Bundesregierung,
Bundesrepublik,
Bundesstaat,
Bundesstraße,
Bundestag,
Bundestages,
Bundestagswahl,
Bundestrainer,
Bundesverfassungsgericht,
Bundeswehr,
Burg,
Bus,
Business,
Busse,
Bände,
Bär,
Bären,
Bäume,
Bäumen,
Börse,
Bücher,
Büchern,
Bühne,
Bühnen,
Bündnis,
Bürger,
Bürgerhaus,
Bürgerinitiative,
Bürgerinnen,
Bürgerkrieg,
Bürgermeister,
Bürgermeisterin,
Bürgermeisters,
Bürgern,
Bürgerschaft,
Büro,
Büros,
C,
CD,
CEST,
CET,
Café,
Cent,
Champions,
Chance,
Chancen,
Chaos,
Charakter,
Charme,
Chef,
Chefs,
Chemie,
Chinesen,
Chor,
Christen,
Christus,
Chronik,
Chöre,
Club,
Clubs,
Co,
Coach,
College,
Comeback,
Computer,
Cup,
D,
DJ,
DM,
DVD,
Dach,
Dame,
Damen,
Dank,
Danke,
Darsteller,
Darstellung,
Darstellungen,
Datei,
Daten,
Datum,
Dauer,
Debatte,
Debatten,
Debüt,
Decke,
Defekter,
Defensive,
Definition,
Defizit,
Defizite,
Delegation,
Delegierten,
Demokraten,
Demokratie,
Demokratischen,
Demonstranten,
Demonstration,
Demonstrationen,
Denken,
Denkmal,
Denkmalliste,
Derby,
Design,
Detail,
Details,
Deutsche,
Deutschen,
Dezember,
Diagnose,
Dialog,
Dichter,
Diebe,
Dienst,
Dienstag,
Dienstagabend,
Dienste,
Dienstleistungen,
Diesel,
Differenzen,
Dimension,
Ding,
Dinge,
Dingen,
Direktor,
Dirigent,
Diskussion,
Diskussionen,
Diskussionsseite,
Dissertation,
Distanz,
Disziplin,
Disziplinen,
Division,
Doktor,
Dokument,
Dokumentation,
Dokumente,
Dollar,
Dom,
Donnerstag,
Donnerstagabend,
Doppel,
Dorf,
Dorfes,
Drama,
Drehbuch,
Dresdner,
Dritte,
Drittel,
Dritter,
Drogen,
Druck,
Drucksache,
Duell,
Duo,
Durchbruch,
Durchführung,
Durchgang,
Durchmesser,
Durchschnitt,
Dutzend,
Dynamik,
Dörfer,
Dörfern,
E,
Ebene,
Ebenen,
Ecke,
Edition,
Effekt,
Ehe,
Ehefrau,
Ehemann,
Ehepaar,
Ehre,
Ehren,
Ehrung,
Ehrungen,
Eier,
Eigenschaften,
Eigentum,
Eigentümer,
Einblick,
Einbrecher,
Einbruch,
Eindruck,
Einfluss,
Einfluß,
Einführung,
Eingang,
Eingriff,
Einhaltung,
Einheit,
Einheiten,
Einigung,
Einkommen,
Einladung,
Einleitung,
Einnahmen,
Einrichtung,
Einrichtungen,
Einsatz,
Einschätzung,
Einsicht,
Einsparungen,
Einstellung,
Einstieg,
Einsätze,
Eintracht,
Eintrag,
Eintritt,
Einwohner,
Einwohnern,
Einwohnerzahl,
Einzel,
Einzelfall,
Einzelhandel,
Einzelheiten,
Einzelnachweise,
Einzelnen,
Einzug,
Eis,
Eisenbahn,
Eishockey,
Element,
Elemente,
Elf,
Elfmeter,
Eltern,
Emotionen,
Empfang,
Empfehlung,
Ende,
Endspiel,
Energie,
Energien,
Engagement,
Englisch,
Engländer,
Enkel,
Ensemble,
Entdeckung,
Entfernung,
Entlassung,
Entlastung,
Entscheid,
Entscheidung,
Entscheidungen,
Entschuldigung,
Entschädigung,
Entstehung,
Enttäuschung,
Entwicklung,
Entwicklungen,
Entwurf,
Enzyklopädie,
Erbe,
Erdbeben,
Erde,
Ereignis,
Ereignisse,
Erfahrung,
Erfahrungen,
Erfinder,
Erfindung,
Erfolg,
Erfolge,
Erfüllung,
Ergebnis,
Ergebnisse,
Ergebnissen,
Ergänzung,
Erhalt,
Erhaltung,
Erhebung,
Erholung,
Erhöhung,
Erinnerung,
Erinnerungen,
Erkenntnis,
Erkenntnisse,
Erkenntnissen,
Erklärung,
Erklärungen,
Erkrankung,
Erkrankungen,
Erlebnis,
Erlös,
Ermittler,
Ermittlungen,
Ermordung,
Erneuerung,
Ernährung,
Errichtung,
Ersatz,
Erscheinung,
Erwachsene,
Erwachsenen,
Erwartungen,
Erweiterung,
Erwerb,
Erwähnung,
Erzbischof,
Erziehung,
Erzählung,
Erzählungen,
Eröffnung,
Es,
Essen,
Etappe,
Etat,
Euro,
Europameisterschaft,
Europäer,
Exemplare,
Exil,
Existenz,
Experiment,
Experte,
Experten,
Explosion,
F,
FPÖ,
Fabrik,
Fach,
Fachhochschule,
Fachleute,
Fahrbahn,
Fahrer,
Fahrgäste,
Fahrrad,
Fahrt,
Fahrten,
Fahrzeug,
Fahrzeuge,
Fahrzeugen,
Fakten,
Faktor,
Faktoren,
Fakultät,
Fall,
Falle,
Familie,
Familien,
Familienname,
Fans,
Farbe,
Farben,
Fassade,
Fassung,
Faust,
Favorit,
Favoriten,
Fax,
Fazit,
Feb,
Februar,
Federer,
Fehler,
Feier,
Feiern,
Feind,
Feld,
Felder,
Fenster,
Ferien,
Ferne,
Fernsehen,
Fernseher,
Fernsehserie,
Fertigstellung,
Fest,
Festival,
Festivals,
Festnahme,
Feststellung,
Festung,
Feuer,
Feuerwehr,
Feuerwehren,
Figur,
Figuren,
File,
Filiale,
Filialen,
Film,
Filme,
Filmen,
Films,
Finale,
Finanzen,
Finanzierung,
Finanzkrise,
Finanzminister,
Finger,
Firma,
Firmen,
First,
Fisch,
Fische,
Flagge,
Flammen,
Flasche,
Flaschen,
Fleisch,
Flohmarkt,
Flucht,
Flug,
Flughafen,
Flughafens,
Flugzeug,
Flugzeuge,
Fluss,
Fläche,
Flächen,
Flüchtlinge,
Flügel,
Fokus,
Folge,
Folgen,
Fonds,
Forderung,
Forderungen,
Form,
Formel,
Formen,
Formulierung,
Forscher,
Forschung,
Fortschritt,
Fortschritte,
Fortsetzung,
Forum,
Foto,
Fotografen,
Fotografie,
Fotos,
Foul,
Foyer,
Frage,
Fragen,
Fraktion,
Fraktionen,
Franken,
Franzose,
Franzosen,
Französisch,
Frau,
Frauen,
Freiheit,
Freilassung,
Freistaat,
Freistoß,
Freitag,
Freitagabend,
Freizeit,
Freude,
Freund,
Freunde,
Freunden,
Freundin,
Freundschaft,
Frieden,
Friedhof,
Frist,
Front,
Früchte,
Frühjahr,
Frühling,
Frühschoppen,
Frühstück,
Funk,
Funktion,
Funktionen,
Furcht,
Fusion,
Fussball,
Fuß,
Fußball,
Fußballer,
Fußballspieler,
Fußgänger,
Fähigkeit,
Fähigkeiten,
Fälle,
Fällen,
Förderung,
Förderverein,
Führer,
Führerschein,
Führung,
Führungen,
Fülle,
Fünf,
Fürst,
Füße,
Füßen,
G,
Galerie,
Gallen,
Galler,
Gang,
Ganze,
Garten,
Gas,
Gast,
Gastgeber,
Gasthaus,
Gastronomie,
Gaststätte,
Gattin,
Gattung,
Gebiet,
Gebiete,
Gebieten,
Gebrauch,
Geburt,
Geburtstag,
Gebäude,
Gebäuden,
Gebäudes,
Gebühren,
Gedanke,
Gedanken,
Gedicht,
Gedichte,
Geduld,
Gedächtnis,
Gefahr,
Gefahren,
Gefangenen,
Gefängnis,
Gefühl,
Gefühle,
Gegend,
Gegensatz,
Gegenstand,
Gegenstände,
Gegenteil,
Gegenwart,
Gegenzug,
Gegner,
Gehalt,
Geheimnis,
Gehirn,
Geist,
Geld,
Gelder,
Geldstrafe,
Gelegenheit,
Gelände,
Gemeinde,
Gemeindehaus,
Gemeinden,
Gemeinderat,
Gemeinschaft,
Gemälde,
Gemüse,
Genehmigung,
General,
Generalsekretär,
Generalversammlung,
Generation,
Generationen,
Genossen,
Genuss,
Geographie,
Gerechtigkeit,
Gericht,
Gerichte,
Gerichtshof,
Gerät,
Geräte,
Gerüchte,
Gesang,
Geschehen,
Geschenk,
Geschenke,
Geschichte,
Geschichten,
Geschlecht,
Geschmack,
Geschwindigkeit,
Geschwister,
Geschäft,
Geschäfte,
Geschäften,
Geschäftsführer,
Geschäftsführerin,
Geschäftsführung,
Geschäftsjahr,
Geschäftsstelle,
Gesellschaft,
Gesellschaften,
Gesetz,
Gesetze,
Gesetzentwurf,
Gesetzes,
Gesetzgeber,
Gesicht,
Gesichter,
Gespräch,
Gespräche,
Gesprächen,
Gestalt,
Gestaltung,
Gesundheit,
Getränke,
Gewalt,
Gewerbe,
Gewerkschaft,
Gewerkschaften,
Gewicht,
Gewinn,
Gewinne,
Gewinner,
Gewissen,
Gewässer,
Gipfel,
Gitarre,
Glanz,
Glas,
Glaube,
Glauben,
Glaubwürdigkeit,
Globalisierung,
Glocke,
Glück,
GmbH,
Gold,
Golf,
Gott,
Gottes,
Gottesdienst,
Gouverneur,
Grab,
Grad,
Grafen,
Grafik,
Grafschaft,
Gramm,
Grazer,
Greifswald,
Gremien,
Gremium,
Grenze,
Grenzen,
Griechen,
Griff,
Große,
Großen,
Großteil,
Grund,
Grunde,
Grundgesetz,
Grundlage,
Grundlagen,
Grundsatz,
Grundschule,
Grundstück,
Grundstücke,
Gruppe,
Gruppen,
Gruß,
Größe,
Gründe,
Gründen,
Gründer,
Gründung,
Grüne,
Grünen,
Grüße,
Gunsten,
Gut,
Gutachten,
Gute,
Gutes,
Gymnasium,
Gymnasiums,
Gärten,
Gäste,
Gästen,
Güter,
Haar,
Haare,
Hafen,
Haft,
Halbfinale,
Halbinsel,
Halbjahr,
Halbzeit,
Hall,
Halle,
Hals,
Halt,
Haltung,
Hamas,
Hamburger,
Hand,
Handball,
Handbuch,
Handel,
Handeln,
Handlung,
Handlungen,
Handwerk,
Handwerker,
Hang,
Hansestadt,
Harmonie,
Hauptbahnhof,
Hauptrolle,
Hauptschule,
Hauptstadt,
Hauptstraße,
Hauptversammlung,
Haus,
Hause,
Hauses,
Haushalt,
Haushalte,
Hausherren,
Haut,
Heer,
Heft,
Heiligen,
Heim,
Heimat,
Heimatstadt,
Heimspiel,
Heiterkeit,
Hektar,
Held,
Helden,
Helfer,
Herausforderung,
Herausforderungen,
Herausgeber,
Herbst,
Herkunft,
Herr,
Herren,
Herrn,
Herrschaft,
Herrscher,
Hersteller,
Herstellung,
Herz,
Herzen,
High,
Hilfe,
Hilfen,
Himmel,
Hinblick,
Hinsicht,
Hinspiel,
Hintergrund,
Hintergründe,
Hinweis,
Hinweise,
Historiker,
History,
Hits,
Hitze,
Hobby,
Hochschule,
Hochschulen,
Hochschullehrer,
Hochwasser,
Hochzeit,
Hockey,
Hof,
Hoffnung,
Hoffnungen,
Holding,
Holocaust,
Holz,
Homepage,
Horn,
Hotel,
Hotels,
Hubschrauber,
Humor,
Hund,
Hunde,
Hunderte,
Hunger,
Hut,
Hälfte,
Hände,
Händen,
Händler,
Häuser,
Häusern,
Höhe,
Höhen,
Höhepunkt,
Höhepunkte,
Hölle,
Hügel,
Hürden,
Hütte,
IG,
Idee,
Ideen,
Identität,
Image,
Immobilien,
Impulse,
Industrie,
Inflation,
Info,
Infobox,
Information,
Informationen,
Infos,
Infrastruktur,
Ingenieur,
Inhaber,
Inhalt,
Inhalte,
Initiative,
Initiativen,
Innenminister,
Innenministerium,
Innenstadt,
Insassen,
Insel,
Inseln,
Insolvenz,
Instanz,
Institut,
Institute,
Institution,
Institutionen,
Instituts,
Instrument,
Instrumente,
Inszenierung,
Integration,
Interesse,
Interessen,
Interessenten,
Interessierte,
Internet,
Internetquelle,
Internetseite,
Interpretation,
Interview,
Interviews,
Investition,
Investitionen,
Investor,
Investoren,
Islam,
Italiener,
Ja,
Jagd,
Jahr,
Jahre,
Jahren,
Jahres,
Jahresbeginn,
Jahresende,
Jahreshauptversammlung,
Jahrestag,
Jahreszeit,
Jahrgang,
Jahrhundert,
Jahrhunderte,
Jahrhunderts,
Jahrzehnte,
Jahrzehnten,
Januar,
Japaner,
Jazz,
Jesu,
Job,
Jobs,
Journal,
Journalist,
Journalisten,
Jubel,
Jubiläum,
Juden,
Jugend,
Jugendarbeit,
Jugendliche,
Jugendlichen,
Jul,
Juli,
Junge,
Jungen,
Jungs,
Juni,
Junioren,
Jurist,
Juristen,
Jury,
Justiz,
Jäger,
Jänner,
K,
Kabel,
Kabinett,
Kader,
Kaffee,
Kai,
Kaiser,
Kalender,
Kamera,
Kameraden,
Kameras,
Kammer,
Kampagne,
Kampf,
Kanal,
Kandidat,
Kandidaten,
Kandidatur,
Kanton,
Kantone,
Kantons,
Kantonspolizei,
Kanzler,
Kanzlerin,
Kapelle,
Kapital,
Kapitel,
Kapitän,
Kardinal,
Karriere,
Karte,
Karten,
Kasse,
Kassen,
Kasten,
Katalog,
Katastrophe,
Kategorie,
Kategorien,
Katholiken,
Katze,
Katzen,
Kauf,
Kaufmann,
Keeper,
Keller,
Kenntnis,
Kenntnisse,
Kennzeichen,
Kern,
Kicker,
Kids,
Kilo,
Kilogramm,
Kilometer,
Kilometern,
Kind,
Kinder,
Kindergarten,
Kindergärten,
Kindern,
Kindes,
Kindheit,
Kino,
Kinos,
Kirche,
Kirchen,
Kirchenchor,
Kirchengemeinde,
Klage,
Klagen,
Klagenfurt,
Klang,
Klarheit,
Klasse,
Klassen,
Klassenerhalt,
Klassik,
Klassiker,
Klavier,
Kleidung,
Kleinen,
Klima,
Klimaschutz,
Klinik,
Kliniken,
Klinikum,
Kloster,
Klosters,
Klub,
Klubs,
Knochen,
Koalition,
Koblenzer,
Kollege,
Kollegen,
Kollegin,
Kolleginnen,
Kombination,
Komitee,
Kommando,
Kommentar,
Kommission,
Kommunalwahl,
Kommune,
Kommunen,
Kommunikation,
Kommunisten,
Kompetenz,
Kompetenzen,
Komponist,
Komponisten,
Kompositionen,
Kompromiss,
Komödie,
Konferenz,
Konflikt,
Konflikte,
Kongress,
Konjunktur,
Konkurrenten,
Konkurrenz,
Konsens,
Konsequenz,
Konsequenzen,
Konstruktion,
Konsum,
Konsumenten,
Kontakt,
Kontakte,
Kontext,
Konto,
Kontrolle,
Kontrollen,
Konzentration,
Konzept,
Konzepte,
Konzern,
Konzerne,
Konzerns,
Konzert,
Konzerte,
Kooperation,
Kopf,
Korruption,
Kosten,
Kraft,
Krankenhaus,
Krankenhäuser,
Krankenkassen,
Krankheit,
Krankheiten,
Kreativität,
Kredit,
Kredite,
Kreis,
Kreise,
Kreisen,
Kreises,
Kreisliga,
Kreisstadt,
Kreistag,
Kreisverwaltung,
Krems,
Kreuz,
Kreuzung,
Krieg,
Krieges,
Kriegsende,
Kriminalität,
Krise,
Kriterien,
Kritik,
Kritiker,
Krone,
Kräfte,
Kräften,
Kubikmeter,
Kuchen,
Kugel,
Kulisse,
Kulissen,
Kultur,
Kulturen,
Kunde,
Kunden,
Kunst,
Kunsthalle,
Kurs,
Kurse,
Kurve,
Kälte,
Kämpfe,
Kämpfer,
Kärntner,
Käufer,
König,
Königin,
Können,
Köpfe,
Köpfen,
Körper,
Körperverletzung,
Küche,
Kündigung,
Künste,
Künstler,
Künstlerin,
Künstlern,
Künstlers,
Kürze,
Kürzungen,
Küste,
L,
Label,
Lachen,
Laden,
Ladenburg,
Lady,
Lage,
Lager,
Laien,
Lake,
Land,
Lande,
Landes,
Landesamt,
Landeshauptstadt,
Landesliga,
Landesregierung,
Landgericht,
Landkreis,
Landkreises,
Landrat,
Landschaft,
Landschaften,
Landtag,
Landtagswahl,
Landwirt,
Landwirte,
Landwirtschaft,
Last,
Lasten,
Lastwagen,
Lauf,
Laufbahn,
Laufe,
Laufzeit,
Laune,
Leben,
Lebens,
Lebensjahr,
Lebensmittel,
Leder,
Legende,
Legislaturperiode,
Lehre,
Lehrer,
Lehrerin,
Lehrern,
Leib,
Leiche,
Leichen,
Leichtathletik,
Leid,
Leiden,
Leidenschaft,
Leinwand,
Leistung,
Leistungen,
Leiter,
Leiterin,
Leitung,
Lemma,
Lenker,
Lernen,
Lesen,
Leser,
Lesung,
Leute,
Leuten,
Lexikon,
Liberalen,
Licht,
Liebe,
Lied,
Lieder,
Liedern,
Liga,
Linie,
Linien,
Linke,
Linken,
Linkspartei,
Linzer,
Liste,
Listen,
Liter,
Literatur,
Live,
Lizenz,
Lkw,
Lob,
Loch,
Logik,
Lohn,
Lokal,
Los,
Luft,
Luftwaffe,
Lupe,
Lust,
Lächeln,
Läden,
Länder,
Ländern,
Länge,
Lärm,
Läufer,
Löhne,
Lösung,
Lösungen,
Löwen,
Lücke,
Macht,
Magazin,
Mai,
Mainzer,
Major,
Mal,
Male,
Maler,
Malerei,
Mama,
Management,
Manager,
Mandat,
Mangel,
Mann,
Mannes,
Mannheimer,
Mannschaft,
Mannschaften,
Mark,
Marke,
Marken,
Marketing,
Markt,
Marktanteil,
Marktes,
Marktplatz,
Marktwirtschaft,
Maschine,
Maschinen,
Masse,
Massnahmen,
Match,
Material,
Materialien,
Materie,
Mathematik,
Mauer,
Mauern,
Maß,
Maße,
Maßnahme,
Maßnahmen,
Medaille,
Medaillen,
Medien,
Medikamente,
Medium,
Medizin,
Mediziner,
Meer,
Mehrheit,
Meinung,
Meinungen,
Meister,
Meisterschaft,
Meisterschaften,
Meistertitel,
Meldung,
Meldungen,
Melodien,
Menge,
Mengen,
Mensch,
Menschen,
Menschenrechte,
Menschheit,
Merkmale,
Messe,
Messer,
Metall,
Meter,
Metern,
Methode,
Methoden,
Miete,
Mieter,
Milch,
Militär,
Militärs,
Milliarde,
Milliarden,
Millimeter,
Million,
Millionen,
Minderheit,
Minister,
Ministerin,
Ministerium,
Ministerpräsident,
Ministerpräsidenten,
Minus,
Minute,
Minuten,
Mischung,
Missbrauch,
Mission,
Mitarbeit,
Mitarbeiter,
Mitarbeiterin,
Mitarbeiterinnen,
Mitarbeitern,
Mitglied,
Mitglieder,
Mitgliedern,
Mitgliederversammlung,
Mitgliedschaft,
Mittag,
Mittagessen,
Mitte,
Mitteilung,
Mittel,
Mittelalter,
Mittelfeld,
Mittelfeldspieler,
Mitteln,
Mittelpunkt,
Mitternacht,
Mittwoch,
Mittwochabend,
Mobilität,
Mode,
Modell,
Modelle,
Moderator,
Moderne,
Modernisierung,
Moment,
Momente,
Monat,
Monate,
Monaten,
Monats,
Mond,
Montag,
Montagabend,
Moral,
Mord,
Morgen,
Moskauer,
Motiv,
Motivation,
Motive,
Motor,
Motoren,
Motto,
Mund,
Museen,
Museum,
Museums,
Musical,
Musik,
Musiker,
Musikern,
Musikschule,
Musikverein,
Muster,
Mut,
Mutter,
Mythos,
Mädchen,
Mängel,
Männer,
Männern,
Mär,
Märchen,
Märkte,
März,
Möbel,
Möglichkeit,
Möglichkeiten,
Mörder,
Mühe,
Mühle,
Müll,
Münchner,
Mütter,
N,
Nachbarn,
Nachbarschaft,
Nachfolge,
Nachfolger,
Nachfrage,
Nachmittag,
Nachricht,
Nachrichten,
Nachrichtenagentur,
Nacht,
Nachteil,
Nachteile,
Nachweis,
Nachwuchs,
Nahen,
Nahrung,
Name,
Namen,
Namens,
Nase,
Nation,
Nationalmannschaft,
Nationalpark,
Nationalrat,
Nationalsozialismus,
Nationalspieler,
Nationen,
Natur,
Naturschutz,
Navigationsleiste,
Nazis,
Nebel,
Nerven,
Netz,
Netzwerk,
Neubau,
Neubrandenburger,
Neues,
Neustadt,
Neutralität,
Neuwahlen,
Niederlage,
Niederlagen,
Niedersachsen,
Niveau,
Nord,
Norden,
Nordkurier,
Nordosten,
Nordwesten,
Not,
Note,
Noten,
Notwendigkeit,
November,
Nummer,
Nutzen,
Nutzer,
Nutzung,
Nähe,
Nürnberger,
O,
Oberbürgermeister,
Oberfläche,
Oberliga,
Objekt,
Objekte,
Obmann,
Obst,
Offensive,
Offizier,
Ohr,
Ohren,
Okt,
Oktober,
Olympiasieger,
Onkel,
Online,
Oper,
Operation,
Opfer,
Opfern,
Opposition,
Optimismus,
Option,
Orchester,
Orden,
Ordnung,
Organisation,
Organisationen,
Organisatoren,
Orgel,
Orientierung,
Original,
Ort,
Orte,
Orten,
Ortes,
Ortsbürgermeister,
Ortschaft,
Ortschaften,
Ortsgemeinde,
Ortsteil,
Ost,
Osten,
Ostern,
Ostsee,
P,
Paar,
Paare,
Paket,
Palästinenser,
Panik,
Papa,
Papier,
Papiere,
Papst,
Paradies,
Pariser,
Park,
Parkplatz,
Parkplätze,
Parks,
Parlament,
Parlaments,
Partei,
Parteichef,
Parteien,
Parteitag,
Partie,
Partien,
Partner,
Partnern,
Partnerschaft,
Party,
Pass,
Passagen,
Passagiere,
Passanten,
Pastor,
Pater,
Patient,
Patienten,
Pause,
Pech,
Pension,
Person,
Personal,
Personen,
Personendaten,
Perspektive,
Perspektiven,
Persönlichkeit,
Persönlichkeiten,
Pfarrei,
Pfarrer,
Pfarrkirche,
Pferd,
Pferde,
Pflanze,
Pflanzen,
Pflege,
Pflicht,
Pfund,
Phantasie,
Phase,
Philosoph,
Philosophie,
Physik,
Physiker,
Phänomen,
Pianist,
Piloten,
Pkw,
Plan,
Planeten,
Planung,
Planungen,
Platte,
Plattform,
Platz,
Pleite,
Plus,
Pläne,
Plänen,
Plätze,
Plätzen,
Pokal,
Politik,
Politiker,
Politikerin,
Politikern,
Polizei,
Polizist,
Polizisten,
Porträt,
Position,
Positionen,
Post,
Posten,
Potenzial,
Potsdamer,
Praxis,
Preis,
Preise,
Preisen,
Preisträger,
Premier,
Premiere,
Premierminister,
Presse,
Pressekonferenz,
Pressemitteilung,
Pressesprecher,
Priester,
Prinzessin,
Prinzip,
Priorität,
Privatisierung,
Probe,
Proben,
Problem,
Problematik,
Probleme,
Problemen,
Produkt,
Produkte,
Produkten,
Produktion,
Produzent,
Produzenten,
Professor,
Professoren,
Profi,
Profil,
Profis,
Prognose,
Prognosen,
Programm,
Programme,
Programms,
Projekt,
Projekte,
Projekten,
Projektes,
Projekts,
Promille,
Protagonisten,
Protest,
Proteste,
Protokoll,
Provinz,
Prozent,
Prozess,
Prozesse,
Prozeß,
Präsentation,
Präsenz,
Präsident,
Präsidenten,
Präsidentin,
Präsidium,
Prüfung,
Psychologie,
Publikationen,
Publikum,
Publikums,
Punkt,
Punkte,
Punkten,
Quadratmeter,
Quadratmetern,
Qualifikation,
Qualität,
Quartal,
Quartett,
Queen,
Quelle,
Quellen,
Quote,
R,
REDIRECT,
Rad,
Radfahrer,
Radio,
Rahmen,
Rahmenbedingungen,
Rand,
Rande,
Rang,
Rasen,
Rassismus,
Rat,
Rathaus,
Raum,
Reaktion,
Reaktionen,
Real,
Realisierung,
Realität,
Realschule,
Rebellen,
Rechnung,
Recht,
Rechte,
Rechten,
Rechts,
Rechtsanwalt,
Records,
Redakteur,
Redaktion,
Redaktionelle,
Redaktionsmitglied,
Rede,
Reden,
Redner,
Reduzierung,
Referendum,
Reform,
Reformen,
Regel,
Regeln,
Regelung,
Regelungen,
Regen,
Regie,
Regierung,
Regierungen,
Regierungschef,
Regierungschefs,
Regierungsrat,
Regime,
Region,
Regionalliga,
Regionen,
Regisseur,
Reich,
Reiches,
Reifen,
Reihe,
Reihen,
Reihenfolge,
Reise,
Reisen,
Reiter,
Rekord,
Rektor,
Relevanz,
Religion,
Religionen,
Remis,
Renaissance,
Rennen,
Rente,
Rentner,
Repertoire,
Reporter,
Republik,
Republikaner,
Reserve,
Resolution,
Resonanz,
Respekt,
Ressourcen,
Rest,
Restaurant,
Restaurants,
Reste,
Resultat,
Resultate,
Rettung,
Review,
Revision,
Revolution,
Rezession,
Rhythmus,
Richter,
Richtlinien,
Richtung,
Richtungen,
Ring,
Ringen,
Risiken,
Risiko,
Rock,
Rolle,
Rollen,
Roman,
Romane,
Rot,
Route,
Ruf,
Ruhe,
Ruhestand,
Runde,
Runden,
Rundfunk,
Russen,
Räder,
Rätsel,
Räuber,
Räume,
Räumen,
Räumlichkeiten,
Rückblick,
Rücken,
Rückgang,
Rückkehr,
Rückrunde,
Rücksicht,
Rückstand,
Rücktritt,
Rückzug,
S,
SORTIERUNG,
SPÖ,
Saal,
Sache,
Sachen,
Sachschaden,
Saison,
Saisonende,
Salz,
Salzburger,
Salzgitter,
Sammlung,
Samstag,
Samstagabend,
Sand,
Sanierung,
Sanktionen,
Satz,
Schaden,
Schaffung,
Schalke,
Schatten,
Schau,
Schauspiel,
Schauspieler,
Schauspielerin,
Scheibe,
Scheitern,
Schichten,
Schicksal,
Schiff,
Schiffe,
Schild,
Schlacht,
Schlaf,
Schlag,
Schlagzeilen,
Schlagzeug,
Schließung,
Schloss,
Schlosses,
Schloß,
Schluss,
Schluß,
Schlüssel,
Schmerz,
Schmerzen,
Schmuck,
Schnee,
Schnitt,
Schock,
Schrecken,
Schreiben,
Schrift,
Schriften,
Schriftsteller,
Schriftstellerin,
Schritt,
Schritte,
Schuhe,
Schuld,
Schulden,
Schule,
Schulen,
Schuljahr,
Schulleiter,
Schulter,
Schuss,
Schutz,
Schweden,
Schweigen,
Schweizer,
Schwerpunkt,
Schwerpunkte,
Schwester,
Schwestern,
Schwierigkeiten,
Schwimmen,
Schwung,
Schwäche,
Schwächen,
Schäden,
Schätzungen,
Schönheit,
Schüler,
Schülerin,
Schülerinnen,
Schülern,
Schüssel,
Schützen,
See,
Seele,
Seen,
Segen,
Sehenswürdigkeiten,
Sehnsucht,
Seite,
Seiten,
Sektion,
Sekunde,
Sekunden,
Selbstvertrauen,
Semester,
Seminar,
Senat,
Senator,
Senats,
Sender,
Sendung,
Senioren,
Senkung,
Sep,
September,
Serben,
Serie,
Service,
Sex,
Show,
Sicherheit,
Sicherung,
Sicht,
Siedlung,
Sieg,
Siege,
Siegen,
Sieger,
Signal,
Signale,
Silber,
Single,
Sinn,
Sinne,
Sir,
Situation,
Situationen,
Sitz,
Sitze,
Sitzung,
Sitzungen,
Skandal,
Skepsis,
Ski,
Skulpturen,
Software,
Sohn,
Sohnes,
Soldat,
Soldaten,
Solidarität,
Solisten,
Sommer,
Sommerferien,
Sommerpause,
Song,
Songs,
Sonnabend,
Sonne,
Sonnenschein,
Sonntag,
Sonntagabend,
Sorge,
Sorgen,
Sozialdemokraten,
Sozialhilfe,
Sozialisten,
Spanier,
Spannung,
Spannungen,
Sparkasse,
Spaß,
Speisen,
Spektakel,
Spektrum,
Spekulationen,
Spende,
Spenden,
Sperre,
Spezialisten,
Spiegel,
Spiel,
Spiele,
Spielen,
Spieler,
Spielerinnen,
Spielern,
Spielertrainer,
Spielplatz,
Spielraum,
Spiels,
Spieltag,
Spielzeit,
Spital,
Spitze,
Spitzenreiter,
Sponsoren,
Sport,
Sporthalle,
Sportler,
Sportplatz,
Sports,
Sprache,
Sprachen,
Sprecher,
Sprecherin,
Springer,
Sprung,
Spur,
Spuren,
Staat,
Staaten,
Staates,
Staatsanwalt,
Staatsanwaltschaft,
Staatspräsident,
Staatsregierung,
Staatssekretär,
Stabilität,
Stadion,
Stadt,
Stadtgebiet,
Stadthalle,
Stadtrat,
Stadtteil,
Stadtverwaltung,
Stadtwerke,
Staffel,
Stahl,
Stamm,
Stand,
Standard,
Standards,
Standort,
Standorte,
Standorten,
Standpunkt,
Star,
Stars,
Start,
Station,
Stationen,
Statistik,
Status,
Staub,
Steigerung,
Stein,
Steine,
Steinmeier,
Stelle,
Stellen,
Stellenwert,
Stellung,
Stellungnahme,
Stellvertreter,
Stern,
Sterne,
Steuer,
Steuern,
Steuerzahler,
Stich,
Stichwort,
Stift,
Stiftung,
Stil,
Stille,
Stimme,
Stimmen,
Stimmung,
Stock,
Stoff,
Stoffe,
Stolz,
Story,
Strafe,
Strafen,
Straftaten,
Strand,
Strasse,
Strategie,
Straße,
Straßen,
Strecke,
Strecken,
Streifen,
Streik,
Streit,
Streitkräfte,
Stress,
Strich,
Strom,
Struktur,
Strukturen,
Student,
Studenten,
Studie,
Studien,
Studierenden,
Studio,
Studium,
Stufe,
Stufen,
Stuhl,
Stunde,
Stunden,
Sturm,
Sturz,
Städte,
Städten,
Stärke,
Stärken,
Stärkung,
Stück,
Stücke,
Stücken,
Stürmer,
Substanz,
Subventionen,
Suche,
Summe,
Super,
Symbol,
Synagoge,
System,
Systeme,
Systems,
Szene,
Szenen,
Sänger,
Sängerin,
Sätze,
Sätzen,
Söhne,
Süd,
Süden,
Südosten,
Südwesten,
T,
Tabelle,
Tabellenführer,
Tabellenplatz,
Tabellenzeile,
Tafel,
Tag,
Tage,
Tagen,
Tages,
Tagesordnung,
Tagesordnungspunkt,
Tageszeitung,
Tagung,
Tal,
Talent,
Talente,
Taliban,
Tanz,
Tasche,
Tat,
Taten,
Tatort,
Tatsache,
Tatsachen,
Tausende,
Team,
Teams,
Technik,
Techniken,
Technologie,
Tee,
Teil,
Teile,
Teilen,
Teilnahme,
Teilnehmer,
Teilnehmern,
Telefon,
Telefonnummer,
Temperatur,
Temperaturen,
Tempo,
Tendenz,
Tennis,
Tenor,
Termin,
Termine,
Terror,
Terrorismus,
Terroristen,
Test,
Tests,
Teufel,
Text,
Texte,
Texten,
Theater,
Theaters,
Thema,
Themen,
Theologe,
Theologie,
Theorie,
Therapie,
These,
Thurgauer,
Thüringer,
Tickets,
Tiefe,
Tier,
Tiere,
Tieren,
Tiger,
Tipp,
Tipps,
Tiroler,
Tisch,
Titel,
Titelverteidiger,
Tochter,
Tod,
Tode,
Toleranz,
Ton,
Tonnen,
Tor,
Tore,
Toren,
Torhüter,
Torwart,
Tote,
Toten,
Tour,
Tourismus,
Touristen,
Tradition,
Traditionen,
Tragödie,
Trainer,
Training,
Transparenz,
Transport,
Trauer,
Traum,
Treffen,
Treffer,
Treffern,
Treffpunkt,
Trend,
Trennung,
Trikot,
Trio,
Triumph,
Trost,
Truppe,
Truppen,
Träger,
Tränen,
Träume,
TuS,
Tunnel,
Turm,
Turner,
Turnhalle,
Turnier,
Typ,
Typen,
Tänzer,
Täter,
Tätigkeit,
Tätigkeiten,
Töchter,
Töne,
Tür,
Türen,
Türken,
U,
Ufer,
Uhr,
Umbau,
Umfang,
Umfeld,
Umfrage,
Umfragen,
Umgang,
Umgebung,
Umsatz,
Umsetzung,
Umstand,
Umstellung,
Umstände,
Umständen,
Umwelt,
Umweltschutz,
Umzug,
Unabhängigkeit,
Unbekannte,
Unentschieden,
Unfall,
Unfälle,
Unglück,
Uni,
Union,
Universität,
Universitäten,
Unmut,
Unrecht,
Unruhe,
Unruhen,
Unsicherheit,
Unsinn,
Untergang,
Unterhaltung,
Unterlagen,
Unternehmen,
Unternehmens,
Unternehmer,
Unterricht,
Unterschied,
Unterschiede,
Unterschriften,
Unterstützung,
Untersuchung,
Untersuchungen,
Untersuchungshaft,
Uraufführung,
Urkunde,
Urlaub,
Urlauber,
Urs,
Ursache,
Ursachen,
Ursprung,
Urteil,
V,
Variante,
Varianten,
Vater,
Vaters,
Veranstalter,
Veranstaltung,
Veranstaltungen,
Verantwortlichen,
Verantwortung,
Verband,
Verbandes,
Verbandsgemeinde,
Verbesserung,
Verbesserungen,
Verbindung,
Verbindungen,
Verbot,
Verbraucher,
Verbrechen,
Verbreitung,
Verbände,
Verdacht,
Verdienste,
Verein,
Vereinbarung,
Vereine,
Vereinen,
Vereinigung,
Vereins,
Verfahren,
Verfassung,
Verfolgung,
Verfügung,
Vergabe,
Vergangenheit,
Vergleich,
Vergnügen,
Verhalten,
Verhandlung,
Verhandlungen,
Verhältnis,
Verhältnisse,
Verhältnissen,
Verkauf,
Verkehr,
Verlag,
Verlauf,
Verleger,
Verleihung,
Verletzte,
Verletzung,
Verletzungen,
Verlierer,
Verlust,
Verluste,
Verlängerung,
Vermieter,
Vermittlung,
Vermögen,
Vernunft,
Verordnung,
Verpflichtung,
Versammlung,
Verschiebung,
Versicherung,
Versicherungen,
Version,
Versionen,
Versorgung,
Versprechen,
Verständnis,
Verstärkung,
Versuch,
Versuche,
Verteidiger,
Verteidigung,
Verteidigungsminister,
Verteilung,
Vertrag,
Vertrauen,
Vertreter,
Vertretern,
Vertretung,
Verträge,
Verurteilung,
Verwaltung,
Verwaltungsrat,
Verwandten,
Verweis,
Verwendung,
Verzicht,
Veränderung,
Veränderungen,
Veröffentlichung,
Veröffentlichungen,
VfL,
Video,
Videos,
Vielfalt,
Vielzahl,
Viertel,
Viertelfinale,
Villa,
Visier,
Vision,
Vizepräsident,
Vizepräsidentin,
Vogel,
Vogt,
Volk,
Volkes,
Volksbank,
Volkshochschule,
Volkspartei,
Volksschule,
Volumen,
Voraussetzung,
Voraussetzungen,
Vorbereitung,
Vorbereitungen,
Vorbild,
Vordergrund,
Vorfall,
Vorfeld,
Vorgaben,
Vorgang,
Vorgehen,
Vorgänge,
Vorgänger,
Vorhaben,
Vorjahr,
Vorjahres,
Vorlage,
Vormittag,
Vorrunde,
Vorschlag,
Vorschläge,
Vorschriften,
Vorsicht,
Vorsitz,
Vorsitzende,
Vorsitzenden,
Vorsitzender,
Vorsprung,
Vorstand,
Vorstandschef,
Vorstandsmitglied,
Vorstellung,
Vorstellungen,
Vorstoß,
Vortag,
Vorteil,
Vorteile,
Vortrag,
Vorträge,
Vorverkauf,
Vorwoche,
Vorwurf,
Vorwürfe,
Votum,
Väter,
Vögel,
Völker,
W,
WEITERLEITUNG,
Wachstum,
Waffe,
Waffen,
Wagen,
Wahl,
Wahlen,
Wahlkampf,
Wahlkreis,
Wahrheit,
Wahrnehmung,
Wahrscheinlichkeit,
Wald,
Wand,
Wandel,
Wanderer,
Wanderung,
Wappen,
Ware,
Waren,
Warnung,
Wasser,
Webseite,
Website,
Wechsel,
Weg,
Wege,
Wehr,
Wehrmacht,
Weichen,
Weihnachten,
Weihnachtsmarkt,
Weile,
Weiler,
Weimarer,
Wein,
Weine,
Weinheim,
Weise,
Weiss,
Weiterbildung,
Weitere,
Weiteren,
Weiterentwicklung,
Weiß,
Welle,
Wellen,
Welt,
Weltcup,
Weltkrieg,
Weltkrieges,
Weltkriegs,
Weltmeister,
Weltmeisterschaft,
Weltmeisterschaften,
Wende,
Werbung,
Werk,
Werke,
Werken,
Werkstatt,
Wert,
Werte,
Wertung,
Wesen,
Wesentlichen,
West,
Westen,
Wettbewerb,
Wetter,
Wettkampf,
Widerspruch,
Widerstand,
Wiederaufbau,
Wiedervereinigung,
Wiese,
Wiesen,
Wikipedia,
Wild,
Wille,
Willen,
Wind,
Winkel,
Winter,
Winterpause,
Winzer,
Wirken,
Wirklichkeit,
Wirkung,
Wirtschaft,
Wirtschaftskrise,
Wirtschaftsminister,
Wissen,
Wissens,
Wissenschaft,
Wissenschaften,
Wissenschaftler,
Witwe,
Witz,
Woche,
Wochen,
Wochenende,
Wohl,
Wohnen,
Wohnhaus,
Wohnung,
Wohnungen,
Wolken,
Workshops,
Wort,
Worte,
Worten,
Wortes,
Wunder,
Wunsch,
Wurzeln,
Wut,
Wähler,
Währung,
Wände,
Wärme,
Wörter,
Wünsche,
Würde,
Wüste,
X,
Z,
Zahl,
Zahlen,
Zahlung,
Zeichen,
Zeichnungen,
Zeilen,
Zeit,
Zeitalter,
Zeiten,
Zeitplan,
Zeitpunkt,
Zeitraum,
Zeitschrift,
Zeitung,
Zeitungen,
Zellen,
Zelt,
Zentimeter,
Zentralbank,
Zentrum,
Zerstörung,
Zeug,
Zeuge,
Zeugen,
Ziel,
Ziele,
Zimmer,
Zinsen,
Zitat,
Zivilisten,
Zone,
Zoo,
Zucker,
Zufall,
Zug,
Zugang,
Zuge,
Zugriff,
Zuhause,
Zuhörer,
Zukunft,
Zulassung,
Zunahme,
Zuruf,
Zusammenarbeit,
Zusammenfassung,
Zusammenhang,
Zusammenschluss,
Zusammensetzung,
Zuschauer,
Zuschauern,
Zuschüsse,
Zustand,
Zustimmung,
Zuwachs,
Zweck,
Zwecke,
Zweifel,
Zweiter,
Zähler,
Zähne,
Züge,
Zürcher,
cm,
h,
html,
http,
index,
kg,
km,
m,
mm,
span,
Ämter,
Änderung,
Änderungen,
Ängste,
Ära,
Ärger,
Ärzte,
Ärzten,
Äußerungen,
ÖVP,
Öffentlichkeit,
Öffnung,
Öffnungszeiten,
Öl,
Österreicher,
Österreichischen,
Überarbeitung,
Überblick,
Überfall,
Übergang,
Überleben,
Überlegungen,
Übernahme,
Überprüfung,
Überraschung,
Überraschungen,
Überschrift,
Übersetzung,
Übersicht,
Übertragung,
Überwachung,
Überzeugung,
Übrigen,
Übung,
Übungen,